time_s,reference_heading_deg,actual_heading_deg,heading_error_deg
0.672,-29.57,-26.40,-3.17
0.704,-19.62,-20.00,0.38
0.736,-12.57,-17.23,4.66
0.768,-7.52,-13.78,6.26
0.800,-3.84,-12.00,8.16
0.832,-1.09,-9.83,8.74
0.864,0.99,-8.78,9.78
0.896,2.61,-7.29,9.89
0.928,3.86,-6.57,10.44
0.960,4.83,-6.98,11.81
0.992,5.60,-7.35,12.95
1.024,6.23,-7.76,13.99
1.056,6.78,-7.02,13.80
1.088,7.26,-6.39,13.65
1.120,7.68,-5.73,13.40
1.152,8.03,-5.15,13.18
1.184,8.34,-4.50,12.84
1.216,8.61,-3.97,12.58
1.248,8.86,-3.48,12.34
1.280,9.08,-2.99,12.07
1.312,-105.10,-2.53,-102.56
1.344,-105.12,-5.37,-99.75
1.376,-105.12,-7.96,-97.16
1.408,-105.12,-10.56,-94.56
1.440,-105.12,-13.15,-91.97
1.472,-105.12,-15.75,-89.37
1.504,-105.12,-18.35,-86.76
1.536,-105.12,-20.96,-84.16
1.568,-105.12,-23.56,-81.56
1.600,-105.12,-26.16,-78.96
1.632,-105.12,-28.76,-76.36
1.664,-105.12,-31.36,-73.76
1.696,-105.12,-33.95,-71.17
1.728,-105.12,-36.55,-68.57
1.760,-105.12,-39.14,-65.98
1.792,-105.12,-41.73,-63.39
1.824,-105.12,-44.31,-60.81
1.856,-105.12,-46.90,-58.22
1.888,-105.12,-49.48,-55.64
1.920,-105.12,-52.07,-53.05
1.952,-105.12,-54.65,-50.47
1.984,-105.12,-57.23,-47.89
2.016,-105.12,-59.81,-45.31
2.048,-105.12,-62.39,-42.73
2.080,-105.12,-64.97,-40.15
2.112,-105.12,-67.55,-37.57
2.144,-105.12,-70.13,-35.00
2.176,-105.12,-72.70,-32.42
2.208,-105.13,-75.28,-29.84
2.240,-105.13,-77.86,-27.27
2.272,-105.13,-80.43,-24.69
2.304,-105.36,-80.15,-25.21
2.336,-105.35,-82.73,-22.62
2.368,-105.56,-82.30,-23.26
2.400,-105.78,-84.24,-21.54
2.432,-105.99,-84.47,-21.52
2.464,-106.19,-85.86,-20.33
2.496,-106.39,-86.40,-19.99
2.528,-106.58,-87.48,-19.11
2.560,-106.77,-88.23,-18.55
2.592,-106.96,-89.07,-17.89
2.624,-107.14,-89.81,-17.33
2.656,-107.31,-90.58,-16.73
2.688,-107.48,-91.30,-16.19
2.720,-107.65,-92.02,-15.63
2.752,-107.81,-92.70,-15.11
2.784,-107.97,-93.38,-14.59
2.816,-108.13,-94.03,-14.10
2.848,-108.28,-94.67,-13.62
2.880,-108.43,-95.28,-13.15
2.912,-108.58,-95.88,-12.69
2.944,-108.72,-96.47,-12.25
2.976,-108.86,-97.04,-11.82
3.008,-109.00,-97.59,-11.41
3.040,-109.13,-98.13,-11.00
3.072,-109.26,-98.65,-10.61
3.104,-109.39,-99.16,-10.22
3.136,-109.51,-99.66,-9.85
3.168,-109.63,-100.14,-9.49
3.200,-109.75,-100.61,-9.14
3.232,-109.86,-101.07,-8.79
3.264,-109.98,-101.51,-8.46
3.296,-110.08,-101.95,-8.14
3.328,-110.19,-102.37,-7.82
3.360,-110.29,-102.78,-7.52
3.392,-110.40,-103.18,-7.22
3.424,-110.49,-103.56,-6.93
3.456,-110.59,-103.94,-6.65
3.488,-110.68,-104.31,-6.37
3.520,-110.77,-104.67,-6.11
3.552,-110.86,-105.01,-5.85
3.584,-110.95,-105.35,-5.59
3.616,-111.03,-105.68,-5.35
3.648,-111.11,-106.00,-5.11
3.680,-111.19,-106.31,-4.88
3.712,-111.26,-106.61,-4.65
3.744,-111.34,-106.91,-4.43
3.776,-111.41,-107.19,-4.21
3.808,-111.47,-107.47,-4.01
3.840,-111.54,-107.74,-3.80
3.872,-105.43,-108.00,2.57
3.904,-102.48,-104.32,1.83
3.936,-100.80,-104.90,4.10
3.968,-99.71,-103.25,3.54
4.000,-98.98,-103.62,4.64
4.032,-98.44,-102.76,4.32
4.064,-98.05,-102.93,4.88
4.096,-97.75,-102.44,4.69
4.128,-97.51,-102.50,4.98
4.160,-97.33,-102.19,4.87
4.192,-97.17,-102.19,5.02
4.224,-97.05,-101.98,4.93
4.256,-96.94,-101.95,5.00
4.288,-96.85,-101.79,4.94
4.320,-96.78,-101.74,4.97
4.352,-96.71,-101.62,4.92
4.384,-96.65,-101.56,4.91
4.416,-96.59,-101.47,4.87
4.448,-96.54,-101.40,4.86
4.480,-96.50,-101.32,4.82
4.512,-96.45,-101.25,4.80
4.544,-96.41,-101.18,4.76
4.576,-96.37,-101.11,4.74
4.608,-96.34,-101.04,4.71
4.640,-96.30,-100.98,4.68
4.672,-96.27,-100.92,4.65
4.704,-96.23,-100.85,4.62
4.736,-96.20,-100.79,4.60
4.768,-96.16,-100.73,4.57
4.800,-96.13,-100.67,4.54
4.832,-96.10,-100.61,4.52
4.864,-96.06,-100.56,4.49
4.896,-96.03,-100.50,4.47
4.928,-96.00,-100.44,4.44
4.960,-95.97,-100.39,4.42
4.992,-95.93,-100.33,4.40
5.024,-95.90,-100.28,4.37
5.056,-95.87,-100.22,4.35
5.088,-95.84,-100.17,4.33
5.120,-95.81,-100.11,4.31
5.152,-95.77,-100.06,4.29
5.184,-95.74,-100.01,4.27
5.216,-95.71,-99.95,4.25
5.248,-95.68,-99.90,4.23
5.280,-95.64,-99.85,4.21
5.312,-95.61,-99.80,4.19
5.344,-95.58,-99.75,4.17
5.376,-95.54,-99.70,4.15
5.408,-95.51,-99.65,4.13
5.440,-95.48,-99.59,4.12
5.472,-95.44,-99.54,4.10
5.504,-95.41,-99.49,4.08
5.536,-95.38,-99.44,4.07
5.568,-95.34,-99.40,4.05
5.600,-95.31,-99.35,4.04
5.632,-95.28,-99.30,4.02
5.664,-95.24,-99.25,4.01
5.696,-95.21,-99.20,3.99
5.728,-95.17,-99.15,3.98
5.760,-95.14,-99.10,3.96
5.792,-95.10,-99.05,3.95
5.824,-95.07,-99.01,3.94
5.856,-95.03,-98.96,3.92
5.888,-95.00,-98.91,3.91
5.920,-94.96,-98.86,3.90
5.952,-94.92,-98.81,3.89
5.984,-94.89,-98.76,3.88
6.016,-94.85,-98.72,3.86
6.048,-94.82,-98.67,3.85
6.080,-94.78,-98.62,3.84
6.112,-94.74,-98.57,3.83
6.144,-94.70,-98.53,3.82
6.176,-94.67,-98.48,3.81
6.208,-94.63,-98.43,3.80
6.240,-94.59,-98.38,3.79
6.272,-94.55,-98.33,3.78
6.304,-94.51,-98.29,3.77
6.336,-94.47,-98.24,3.76
6.368,-94.43,-98.19,3.76
6.400,-94.39,-98.14,3.75
6.432,-94.35,-98.09,3.74
6.464,-94.31,-98.05,3.73
6.496,-94.27,-98.00,3.72
6.528,-94.23,-97.95,3.72
6.560,-94.19,-97.90,3.71
6.592,-94.15,-97.85,3.70
6.624,-94.11,-97.80,3.69
6.656,-94.06,-97.75,3.69
6.688,-94.02,-97.70,3.68
6.720,-93.98,-97.65,3.68
6.752,-93.93,-97.60,3.67
6.784,-93.89,-97.55,3.66
6.816,-93.84,-97.50,3.66
6.848,-93.80,-97.45,3.65
6.880,-93.75,-97.40,3.65
6.912,-93.70,-97.35,3.64
6.944,-93.66,-97.30,3.64
6.976,-93.61,-97.25,3.64
7.008,-93.56,-97.19,3.63
7.040,-93.51,-97.14,3.63
7.072,-93.46,-97.09,3.62
7.104,-93.41,-97.03,3.62
7.136,-93.36,-96.98,3.62
7.168,-93.31,-96.93,3.62
7.200,-93.26,-96.87,3.61
7.232,-93.21,-96.82,3.61
7.264,-93.15,-96.76,3.61
7.296,-93.10,-96.71,3.61
7.328,-93.04,-96.65,3.61
7.360,-92.99,-96.59,3.61
7.392,-92.93,-96.54,3.61
7.424,-92.87,-96.48,3.61
7.456,-92.81,-96.42,3.61
7.488,-92.75,-96.36,3.61
7.520,-92.69,-96.30,3.61
7.552,-92.63,-96.24,3.61
7.584,-92.57,-96.18,3.61
7.616,-92.50,-96.12,3.61
7.648,-92.44,-96.05,3.61
7.680,-92.37,-95.99,3.62
7.712,-91.60,-95.92,4.33
7.744,-91.23,-95.32,4.09
7.776,-91.03,-95.40,4.37
7.808,-90.89,-95.09,4.20
7.840,-90.79,-95.11,4.32
7.872,-90.71,-94.92,4.21
7.904,-90.65,-94.90,4.25
7.936,-90.60,-94.77,4.17
7.968,-90.55,-94.73,4.17
8.000,-90.51,-94.63,4.11
8.032,-90.48,-94.58,4.10
8.064,-90.45,-94.49,4.05
8.096,-90.41,-94.44,4.02
8.128,-90.38,-94.37,3.98
8.160,-90.36,-94.31,3.95
8.192,-90.33,-94.24,3.91
8.224,-90.30,-94.18,3.88
8.256,-90.27,-94.12,3.84
8.288,-90.25,-94.06,3.81
8.320,-90.22,-94.00,3.78
8.352,-90.20,-93.95,3.75
8.384,-90.17,-93.89,3.72
8.416,-90.15,-93.83,3.69
8.448,-90.12,-93.78,3.66
8.480,-90.10,-93.72,3.63
8.512,-90.07,-93.67,3.60
8.544,-90.05,-93.62,3.57
8.576,-90.02,-93.57,3.54
8.608,-90.00,-93.51,3.52
8.640,-89.97,-93.46,3.49
8.672,-89.95,-93.41,3.47
8.704,-89.92,-93.36,3.44
8.736,-89.90,-93.32,3.42
8.768,-89.87,-93.27,3.39
8.800,-89.85,-93.22,3.37
8.832,-89.82,-93.17,3.35
8.864,-89.80,-93.13,3.33
8.896,-89.77,-93.08,3.31
8.928,-89.75,-93.03,3.29
8.960,-89.72,-92.99,3.27
8.992,-89.70,-92.94,3.25
9.024,-89.67,-92.90,3.23
9.056,-89.65,-92.86,3.21
9.088,-89.62,-92.81,3.19
9.120,-89.60,-92.77,3.17
9.152,-89.57,-92.73,3.15
9.184,-89.55,-92.68,3.14
9.216,-89.52,-92.64,3.12
9.248,-89.50,-92.60,3.10
9.280,-89.47,-92.56,3.09
9.312,-89.45,-92.52,3.07
9.344,-89.42,-92.48,3.06
9.376,-89.40,-92.44,3.04
9.408,-89.37,-92.39,3.03
9.440,-89.34,-92.35,3.01
9.472,-89.32,-92.31,3.00
9.504,-89.29,-92.28,2.98
9.536,-89.27,-92.24,2.97
9.568,-89.24,-92.20,2.96
9.600,-89.21,-92.16,2.95
9.632,-89.19,-92.12,2.93
9.664,-89.16,-92.08,2.92
9.696,-89.13,-92.04,2.91
9.728,-89.11,-92.00,2.90
9.760,-89.08,-91.96,2.89
9.792,-89.05,-91.93,2.88
9.824,-89.02,-91.89,2.86
9.856,-89.00,-91.85,2.85
9.888,-88.97,-91.81,2.84
9.920,-88.94,-91.77,2.83
9.952,-88.91,-91.74,2.82
9.984,-88.88,-91.70,2.82
10.016,-88.86,-91.66,2.81
10.048,-88.83,-91.62,2.80
10.080,-88.80,-91.59,2.79
10.112,-88.77,-91.55,2.78
10.144,-88.74,-91.51,2.77
10.176,-88.71,-91.47,2.76
10.208,-88.68,-91.44,2.76
10.240,-88.65,-91.40,2.75
10.272,-88.62,-91.36,2.74
10.304,-88.59,-91.32,2.73
10.336,-88.56,-91.29,2.73
10.368,-88.53,-91.25,2.72
10.400,-88.50,-91.21,2.71
10.432,-88.46,-91.17,2.71
10.464,-88.43,-91.13,2.70
10.496,-88.40,-91.10,2.70
10.528,-88.37,-91.06,2.69
10.560,-88.33,-91.02,2.68
10.592,-88.30,-90.98,2.68
10.624,-88.27,-90.94,2.67
10.656,-88.23,-90.90,2.67
10.688,-88.20,-90.86,2.67
10.720,-88.16,-90.83,2.66
10.752,-88.13,-90.79,2.66
10.784,-88.09,-90.75,2.65
10.816,-88.06,-90.71,2.65
10.848,-88.02,-90.67,2.65
10.880,-87.98,-90.63,2.64
10.912,-87.95,-90.59,2.64
10.944,-87.91,-90.55,2.64
10.976,-87.87,-90.50,2.63
11.008,-87.83,-90.46,2.63
11.040,-87.79,-90.42,2.63
11.072,-87.75,-90.38,2.63
11.104,-87.71,-90.34,2.63
11.136,-87.67,-90.29,2.62
11.168,-87.63,-90.25,2.62
11.200,-87.59,-90.21,2.62
11.232,-87.54,-90.16,2.62
11.264,-87.50,-90.12,2.62
11.296,-87.45,-90.08,2.62
11.328,-87.41,-90.03,2.62
11.360,-87.36,-89.98,2.62
11.392,-87.32,-89.94,2.62
11.424,-87.27,-89.89,2.62
11.456,-87.22,-89.84,2.63
11.488,-87.17,-89.80,2.63
11.520,-87.12,-89.75,2.63
11.552,-88.00,-89.70,1.70
11.584,-88.39,-90.36,1.97
11.616,-88.60,-90.16,1.56
11.648,-88.73,-90.46,1.73
11.680,-88.81,-90.35,1.54
11.712,-88.87,-90.50,1.63
11.744,-88.91,-90.44,1.53
11.776,-88.94,-90.52,1.59
11.808,-88.95,-90.50,1.54
11.840,-88.97,-90.54,1.57
11.872,-88.97,-90.53,1.55
11.904,-88.98,-90.55,1.57
11.936,-88.98,-90.55,1.57
11.968,-88.98,-90.56,1.58
12.000,-88.97,-90.56,1.58
12.032,-88.97,-90.56,1.60
12.064,-88.96,-90.56,1.60
12.096,-88.95,-90.57,1.61
12.128,-88.95,-90.56,1.62
12.160,-88.94,-90.57,1.63
12.192,-88.93,-90.56,1.64
12.224,-88.92,-90.56,1.64
12.256,-88.91,-90.56,1.65
12.288,-88.90,-90.56,1.66
12.320,-88.89,-90.55,1.67
12.352,-88.88,-90.55,1.67
12.384,-88.86,-90.55,1.68
12.416,-88.85,-90.54,1.69
12.448,-88.84,-90.54,1.70
12.480,-88.83,-90.53,1.70
12.512,-88.82,-90.53,1.71
12.544,-88.81,-90.52,1.72
12.576,-88.79,-90.51,1.72
12.608,-88.78,-90.51,1.73
12.640,-88.77,-90.50,1.73
12.672,-88.75,-90.49,1.74
12.704,-88.74,-90.48,1.74
12.736,-88.73,-90.48,1.75
12.768,-88.71,-90.47,1.75
12.800,-88.70,-90.46,1.76
12.832,-88.69,-90.45,1.76
12.864,-88.67,-90.44,1.77
12.896,-88.66,-90.43,1.77
12.928,-88.64,-90.42,1.78
12.960,-88.63,-90.41,1.78
12.992,-88.62,-90.40,1.78
13.024,-88.60,-90.39,1.79
13.056,-88.59,-90.38,1.79
13.088,-88.57,-90.36,1.79
13.120,-88.56,-90.35,1.80
13.152,-88.54,-90.34,1.80
13.184,-88.53,-90.33,1.80
13.216,-88.51,-90.32,1.80
13.248,-88.49,-90.30,1.81
13.280,-88.48,-90.29,1.81
13.312,-88.46,-90.28,1.81
13.344,-88.45,-90.26,1.82
13.376,-88.43,-90.25,1.82
13.408,-88.41,-90.23,1.82
13.440,-88.40,-90.22,1.82
13.472,-88.38,-90.20,1.82
13.504,-88.36,-90.19,1.83
13.536,-88.35,-90.17,1.83
13.568,-88.33,-90.16,1.83
13.600,-88.31,-90.14,1.83
13.632,-88.29,-90.13,1.83
13.664,-88.27,-90.11,1.83
13.696,-88.26,-90.09,1.84
13.728,-88.24,-90.08,1.84
13.760,-88.22,-90.06,1.84
13.792,-88.20,-90.04,1.84
13.824,-88.18,-90.02,1.84
13.856,-88.16,-90.01,1.84
13.888,-88.14,-89.99,1.84
13.920,-88.12,-89.97,1.85
13.952,-88.10,-89.95,1.85
13.984,-88.08,-89.93,1.85
14.016,-88.06,-89.91,1.85
14.048,-88.04,-89.89,1.85
14.080,-88.02,-89.87,1.85
14.112,-88.00,-89.85,1.85
14.144,-87.98,-89.83,1.85
14.176,-87.96,-89.81,1.86
14.208,-87.94,-89.79,1.86
14.240,-87.91,-89.77,1.86
14.272,-87.89,-89.75,1.86
14.304,-87.87,-89.73,1.86
14.336,-87.85,-89.71,1.86
14.368,-87.82,-89.69,1.86
14.400,-87.80,-89.66,1.86
14.432,-87.77,-89.64,1.87
14.464,-87.75,-89.62,1.87
14.496,-87.73,-89.59,1.87
14.528,-87.70,-89.57,1.87
14.560,-87.68,-89.55,1.87
14.592,-87.65,-89.52,1.87
14.624,-87.62,-89.50,1.87
14.656,-87.60,-89.47,1.88
14.688,-87.57,-89.45,1.88
14.720,-87.54,-89.42,1.88
14.752,-87.52,-89.40,1.88
14.784,-87.49,-89.37,1.88
14.816,-87.46,-89.34,1.89
14.848,-87.43,-89.32,1.89
14.880,-87.40,-89.29,1.89
14.912,-87.37,-89.26,1.89
14.944,-87.34,-89.23,1.89
14.976,-87.31,-89.21,1.90
15.008,-87.28,-89.18,1.90
15.040,-87.24,-89.15,1.90
15.072,-87.21,-89.12,1.91
15.104,-87.18,-89.09,1.91
15.136,-87.14,-89.06,1.91
15.168,-87.11,-89.02,1.92
15.200,-87.07,-88.99,1.92
15.232,-87.04,-88.96,1.92
15.264,-87.00,-88.93,1.93
15.296,-86.96,-88.89,1.93
15.328,-86.92,-88.86,1.94
15.360,-86.88,-88.82,1.94
15.392,-87.89,-88.79,0.90
15.424,-88.32,-89.54,1.22
15.456,-88.55,-89.33,0.78
15.488,-88.70,-89.68,0.98
15.520,-88.79,-89.56,0.77
15.552,-88.86,-89.75,0.89
15.584,-88.90,-89.69,0.79
15.616,-88.94,-89.79,0.86
15.648,-88.96,-89.77,0.81
15.680,-88.98,-89.83,0.86
15.712,-88.99,-89.83,0.84
15.744,-89.00,-89.87,0.87
15.776,-89.00,-89.88,0.87
15.808,-89.01,-89.90,0.90
15.840,-89.01,-89.91,0.90
15.872,-89.01,-89.93,0.92
15.904,-89.00,-89.94,0.93
15.936,-89.00,-89.95,0.95
15.968,-89.00,-89.96,0.96
16.000,-88.99,-89.97,0.98
16.032,-88.99,-89.98,0.99
16.064,-88.98,-89.99,1.01
16.096,-88.98,-90.00,1.02
16.128,-88.97,-90.01,1.04
16.160,-88.96,-90.01,1.05
16.192,-88.96,-90.02,1.06
16.224,-88.95,-90.03,1.08
16.256,-88.94,-90.03,1.09
16.288,-88.94,-90.04,1.10
16.320,-88.93,-90.04,1.11
16.352,-88.92,-90.04,1.12
16.384,-88.91,-90.05,1.13
16.416,-88.90,-90.05,1.15
16.448,-88.89,-90.05,1.16
16.480,-88.89,-90.05,1.17
16.512,-88.88,-90.05,1.18
16.544,-88.87,-90.05,1.18
16.576,-88.86,-90.05,1.19
16.608,-88.85,-90.05,1.20
16.640,-88.84,-90.05,1.21
16.672,-88.83,-90.05,1.22
16.704,-88.82,-90.05,1.23
16.736,-88.81,-90.04,1.24
16.768,-88.80,-90.04,1.24
16.800,-88.79,-90.04,1.25
16.832,-88.78,-90.04,1.26
16.864,-88.77,-90.03,1.26
16.896,-88.76,-90.03,1.27
16.928,-88.75,-90.02,1.28
16.960,-88.74,-90.02,1.28
16.992,-88.72,-90.01,1.29
17.024,-88.71,-90.01,1.29
17.056,-88.70,-90.00,1.30
17.088,-88.69,-90.00,1.31
17.120,-88.68,-89.99,1.31
17.152,-88.67,-89.98,1.32
17.184,-88.65,-89.97,1.32
17.216,-88.64,-89.97,1.33
17.248,-88.63,-89.96,1.33
17.280,-88.62,-89.95,1.33
17.312,-88.60,-89.94,1.34
17.344,-88.59,-89.93,1.34
17.376,-88.58,-89.93,1.35
17.408,-88.57,-89.92,1.35
17.440,-88.55,-89.91,1.36
17.472,-88.54,-89.90,1.36
17.504,-88.52,-89.89,1.36
17.536,-88.51,-89.88,1.37
17.568,-88.50,-89.87,1.37
17.600,-88.48,-89.85,1.37
17.632,-88.47,-89.84,1.38
17.664,-88.45,-89.83,1.38
17.696,-88.44,-89.82,1.38
17.728,-88.42,-89.81,1.39
17.760,-88.41,-89.80,1.39
17.792,-88.39,-89.78,1.39
17.824,-88.38,-89.77,1.39
17.856,-88.36,-89.76,1.40
17.888,-88.34,-89.74,1.40
17.920,-88.33,-89.73,1.40
17.952,-88.31,-89.72,1.40
17.984,-88.30,-89.70,1.41
18.016,-88.28,-89.69,1.41
18.048,-88.26,-89.67,1.41
18.080,-88.24,-89.66,1.42
18.112,-88.23,-89.64,1.42
18.144,-88.21,-89.63,1.42
18.176,-88.19,-89.61,1.42
18.208,-88.17,-89.60,1.42
18.240,-88.15,-89.58,1.43
18.272,-88.13,-89.56,1.43
18.304,-88.11,-89.55,1.43
18.336,-88.09,-89.53,1.43
18.368,-88.07,-89.51,1.44
18.400,-88.05,-89.49,1.44
18.432,-88.03,-89.48,1.44
18.464,-88.01,-89.46,1.44
18.496,-87.99,-89.44,1.45
18.528,-87.97,-89.42,1.45
18.560,-87.95,-89.40,1.45
18.592,-87.93,-89.38,1.45
18.624,-87.90,-89.36,1.46
18.656,-87.88,-89.34,1.46
18.688,-87.86,-89.32,1.46
18.720,-87.83,-89.30,1.47
18.752,-87.81,-89.28,1.47
18.784,-87.78,-89.26,1.47
18.816,-87.76,-89.23,1.48
18.848,-87.73,-89.21,1.48
18.880,-87.71,-89.19,1.48
18.912,-87.68,-89.16,1.49
18.944,-87.65,-89.14,1.49
18.976,-87.62,-89.12,1.49
19.008,-87.59,-89.09,1.50
19.040,-87.57,-89.07,1.50
19.072,-87.54,-89.04,1.50
19.104,-87.50,-89.01,1.51
19.136,-87.47,-88.99,1.51
19.168,-87.44,-88.96,1.52
19.200,-87.41,-88.93,1.52
19.232,-88.28,-88.90,0.63
19.264,-88.65,-89.56,0.91
19.296,-88.84,-89.37,0.53
19.328,-88.96,-89.67,0.71
19.360,-89.04,-89.57,0.53
19.392,-89.09,-89.73,0.63
19.424,-89.13,-89.68,0.55
19.456,-89.16,-89.77,0.61
19.488,-89.18,-89.75,0.58
19.520,-89.19,-89.80,0.61
19.552,-89.20,-89.80,0.60
19.584,-89.21,-89.84,0.63
19.616,-89.21,-89.84,0.63
19.648,-89.21,-89.86,0.65
19.680,-89.22,-89.87,0.66
19.712,-89.22,-89.89,0.67
19.744,-89.21,-89.90,0.69
19.776,-89.21,-89.91,0.70
19.808,-89.21,-89.92,0.71
19.840,-89.21,-89.93,0.73
19.872,-89.20,-89.94,0.74
19.904,-89.20,-89.95,0.75
19.936,-89.19,-89.96,0.76
19.968,-89.19,-89.97,0.78
20.000,-89.18,-89.97,0.79
20.032,-89.18,-89.98,0.80
20.064,-89.17,-89.98,0.81
20.096,-89.17,-89.99,0.82
20.128,-89.16,-89.99,0.83
20.160,-89.16,-90.00,0.84
20.192,-89.15,-90.00,0.85
20.224,-89.14,-90.01,0.86
20.256,-89.14,-90.01,0.87
20.288,-89.13,-90.01,0.88
20.320,-89.12,-90.01,0.89
20.352,-89.12,-90.02,0.90
20.384,-89.11,-90.02,0.91
20.416,-89.10,-90.02,0.92
20.448,-89.09,-90.02,0.92
20.480,-89.09,-90.02,0.93
20.512,-89.08,-90.02,0.94
20.544,-89.07,-90.02,0.95
20.576,-89.06,-90.02,0.95
20.608,-89.06,-90.02,0.96
20.640,-89.05,-90.01,0.97
20.672,-89.04,-90.01,0.97
20.704,-89.03,-90.01,0.98
20.736,-89.02,-90.01,0.98
20.768,-89.01,-90.00,0.99
20.800,-89.01,-90.00,1.00
20.832,-89.00,-90.00,1.00
20.864,-88.99,-89.99,1.01
20.896,-88.98,-89.99,1.01
20.928,-88.97,-89.98,1.02
20.960,-88.96,-89.98,1.02
20.992,-88.95,-89.98,1.03
21.024,-88.94,-89.97,1.03
21.056,-88.93,-89.96,1.03
21.088,-88.92,-89.96,1.04
21.120,-88.91,-89.95,1.04
21.152,-88.90,-89.95,1.05
21.184,-88.89,-89.94,1.05
21.216,-88.88,-89.93,1.05
21.248,-88.87,-89.93,1.06
21.280,-88.86,-89.92,1.06
21.312,-88.85,-89.91,1.06
21.344,-88.84,-89.90,1.07
21.376,-88.82,-89.90,1.07
21.408,-88.81,-89.89,1.07
21.440,-88.80,-89.88,1.08
21.472,-88.79,-89.87,1.08
21.504,-88.78,-89.86,1.08
21.536,-88.77,-89.85,1.09
21.568,-88.75,-89.84,1.09
21.600,-88.74,-89.83,1.09
21.632,-88.73,-89.82,1.09
21.664,-88.72,-89.81,1.10
21.696,-88.70,-89.80,1.10
21.728,-88.69,-89.79,1.10
21.760,-88.68,-89.78,1.10
21.792,-88.66,-89.77,1.11
21.824,-88.65,-89.76,1.11
21.856,-88.64,-89.75,1.11
21.888,-88.62,-89.74,1.11
21.920,-88.61,-89.72,1.12
21.952,-88.59,-89.71,1.12
21.984,-88.58,-89.70,1.12
22.016,-88.56,-89.69,1.12
22.048,-88.55,-89.67,1.13
22.080,-88.53,-89.66,1.13
22.112,-88.52,-89.65,1.13
22.144,-88.50,-89.63,1.13
22.176,-88.49,-89.62,1.13
22.208,-88.47,-89.61,1.14
22.240,-88.45,-89.59,1.14
22.272,-88.44,-89.58,1.14
22.304,-88.42,-89.56,1.14
22.336,-88.40,-89.55,1.15
22.368,-88.38,-89.53,1.15
22.400,-88.36,-89.52,1.15
22.432,-88.35,-89.50,1.15
22.464,-88.33,-89.48,1.16
22.496,-88.31,-89.47,1.16
22.528,-88.29,-89.45,1.16
22.560,-88.27,-89.43,1.16
22.592,-88.25,-89.42,1.17
22.624,-88.23,-89.40,1.17
22.656,-88.21,-89.38,1.17
22.688,-88.18,-89.36,1.18
22.720,-88.16,-89.34,1.18
22.752,-88.14,-89.32,1.18
22.784,-88.12,-89.30,1.19
22.816,-88.09,-89.28,1.19
22.848,-88.07,-89.26,1.19
22.880,-88.04,-89.24,1.20
22.912,-88.02,-89.22,1.20
22.944,-87.99,-89.20,1.20
22.976,-87.97,-89.18,1.21
23.008,-87.94,-89.15,1.21
23.040,-87.91,-89.13,1.22
23.072,-88.64,-89.10,0.46
23.104,-88.94,-89.66,0.71
23.136,-89.10,-89.49,0.39
23.168,-89.19,-89.74,0.55
23.200,-89.26,-89.66,0.40
23.232,-89.30,-89.79,0.49
23.264,-89.33,-89.75,0.42
23.296,-89.35,-89.82,0.47
23.328,-89.37,-89.80,0.44
23.360,-89.38,-89.85,0.47
23.392,-89.38,-89.85,0.46
23.424,-89.39,-89.87,0.48
23.456,-89.39,-89.88,0.48
23.488,-89.40,-89.90,0.50
23.520,-89.40,-89.90,0.51
23.552,-89.40,-89.92,0.52
23.584,-89.40,-89.93,0.53
23.616,-89.39,-89.94,0.54
23.648,-89.39,-89.94,0.55
23.680,-89.39,-89.95,0.56
23.712,-89.39,-89.96,0.57
23.744,-89.38,-89.97,0.59
23.776,-89.38,-89.97,0.60
23.808,-89.38,-89.98,0.61
23.840,-89.37,-89.99,0.62
23.872,-89.37,-89.99,0.62
23.904,-89.36,-90.00,0.63
23.936,-89.36,-90.00,0.64
23.968,-89.35,-90.01,0.65
24.000,-89.35,-90.01,0.66
24.032,-89.34,-90.01,0.67
24.064,-89.34,-90.02,0.68
24.096,-89.33,-90.02,0.68
24.128,-89.33,-90.02,0.69
24.160,-89.32,-90.02,0.70
24.192,-89.32,-90.02,0.71
24.224,-89.31,-90.03,0.71
24.256,-89.31,-90.03,0.72
24.288,-89.30,-90.03,0.73
24.320,-89.29,-90.03,0.73
24.352,-89.29,-90.03,0.74
24.384,-89.28,-90.03,0.75
24.416,-89.27,-90.03,0.75
24.448,-89.27,-90.02,0.76
24.480,-89.26,-90.02,0.76
24.512,-89.26,-90.02,0.77
24.544,-89.25,-90.02,0.77
24.576,-89.24,-90.02,0.78
24.608,-89.23,-90.02,0.78
24.640,-89.23,-90.01,0.79
24.672,-89.22,-90.01,0.79
24.704,-89.21,-90.01,0.79
24.736,-89.21,-90.00,0.80
24.768,-89.20,-90.00,0.80
24.800,-89.19,-90.00,0.81
24.832,-89.18,-89.99,0.81
24.864,-89.17,-89.99,0.81
24.896,-89.17,-89.98,0.82
24.928,-89.16,-89.98,0.82
24.960,-89.15,-89.97,0.82
24.992,-89.14,-89.97,0.83
25.024,-89.13,-89.96,0.83
25.056,-89.13,-89.96,0.83
25.088,-89.12,-89.95,0.84
25.120,-89.11,-89.95,0.84
25.152,-89.10,-89.94,0.84
25.184,-89.09,-89.94,0.85
25.216,-89.08,-89.93,0.85
25.248,-89.07,-89.92,0.85
25.280,-89.06,-89.92,0.85
25.312,-89.05,-89.91,0.86
25.344,-89.04,-89.90,0.86
25.376,-89.03,-89.89,0.86
25.408,-89.02,-89.89,0.86
25.440,-89.01,-89.88,0.87
25.472,-89.00,-89.87,0.87
25.504,-88.99,-89.86,0.87
25.536,-88.98,-89.85,0.87
25.568,-88.97,-89.85,0.87
25.600,-88.96,-89.84,0.88
25.632,-88.95,-89.83,0.88
25.664,-88.94,-89.82,0.88
25.696,-88.93,-89.81,0.88
25.728,-88.91,-89.80,0.88
25.760,-88.90,-89.79,0.89
25.792,-88.89,-89.78,0.89
25.824,-88.88,-89.77,0.89
25.856,-88.87,-89.76,0.89
25.888,-88.85,-89.75,0.89
25.920,-88.84,-89.74,0.90
25.952,-88.83,-89.73,0.90
25.984,-88.82,-89.72,0.90
26.016,-88.80,-89.70,0.90
26.048,-88.79,-89.69,0.90
26.080,-88.77,-89.68,0.91
26.112,-88.76,-89.67,0.91
26.144,-88.75,-89.66,0.91
26.176,-88.73,-89.64,0.91
26.208,-88.72,-89.63,0.92
26.240,-88.70,-89.62,0.92
26.272,-88.69,-89.61,0.92
26.304,-88.67,-89.59,0.92
26.336,-88.65,-89.58,0.92
26.368,-88.64,-89.56,0.93
26.400,-88.62,-89.55,0.93
26.432,-88.60,-89.54,0.93
26.464,-88.59,-89.52,0.93
26.496,-88.57,-89.51,0.94
26.528,-88.55,-89.49,0.94
26.560,-88.53,-89.47,0.94
26.592,-88.51,-89.46,0.95
26.624,-88.49,-89.44,0.95
26.656,-88.47,-89.42,0.95
26.688,-88.45,-89.41,0.96
26.720,-88.43,-89.39,0.96
26.752,-88.41,-89.37,0.96
26.784,-88.39,-89.35,0.97
26.816,-88.36,-89.33,0.97
26.848,-88.34,-89.32,0.97
26.880,-88.32,-89.30,0.98
26.912,-88.93,-89.28,0.34
26.944,-89.18,-89.74,0.56
26.976,-89.30,-89.60,0.29
27.008,-89.38,-89.81,0.43
27.040,-89.43,-89.73,0.30
27.072,-89.46,-89.84,0.38
27.104,-89.48,-89.80,0.32
27.136,-89.50,-89.86,0.36
27.168,-89.51,-89.85,0.34
27.200,-89.52,-89.89,0.37
27.232,-89.53,-89.88,0.36
27.264,-89.53,-89.91,0.38
27.296,-89.53,-89.91,0.38
27.328,-89.54,-89.93,0.39
27.360,-89.54,-89.93,0.39
27.392,-89.54,-89.94,0.41
27.424,-89.54,-89.95,0.41
27.456,-89.53,-89.96,0.42
27.488,-89.53,-89.96,0.43
27.520,-89.53,-89.97,0.44
27.552,-89.53,-89.98,0.45
27.584,-89.53,-89.98,0.46
27.616,-89.52,-89.99,0.47
27.648,-89.52,-89.99,0.47
27.680,-89.52,-90.00,0.48
27.712,-89.51,-90.00,0.49
27.744,-89.51,-90.01,0.50
27.776,-89.51,-90.01,0.51
27.808,-89.50,-90.02,0.51
27.840,-89.50,-90.02,0.52
27.872,-89.49,-90.02,0.53
27.904,-89.49,-90.02,0.53
27.936,-89.49,-90.03,0.54
27.968,-89.48,-90.03,0.55
28.000,-89.48,-90.03,0.55
28.032,-89.47,-90.03,0.56
28.064,-89.47,-90.03,0.56
28.096,-89.46,-90.03,0.57
28.128,-89.46,-90.03,0.57
28.160,-89.45,-90.03,0.58
28.192,-89.45,-90.03,0.58
28.224,-89.44,-90.03,0.59
28.256,-89.44,-90.03,0.59
28.288,-89.43,-90.03,0.60
28.320,-89.43,-90.03,0.60
28.352,-89.42,-90.03,0.61
28.384,-89.42,-90.03,0.61
28.416,-89.41,-90.03,0.61
28.448,-89.41,-90.02,0.62
28.480,-89.40,-90.02,0.62
28.512,-89.39,-90.02,0.63
28.544,-89.39,-90.02,0.63
28.576,-89.38,-90.01,0.63
28.608,-89.38,-90.01,0.64
28.640,-89.37,-90.01,0.64
28.672,-89.36,-90.01,0.64
28.704,-89.36,-90.00,0.64
28.736,-89.35,-90.00,0.65
28.768,-89.34,-90.00,0.65
28.800,-89.34,-89.99,0.65
28.832,-89.33,-89.99,0.66
28.864,-89.32,-89.98,0.66
28.896,-89.32,-89.98,0.66
28.928,-89.31,-89.97,0.66
28.960,-89.30,-89.97,0.67
28.992,-89.30,-89.96,0.67
29.024,-89.29,-89.96,0.67
29.056,-89.28,-89.95,0.67
29.088,-89.27,-89.95,0.67
29.120,-89.27,-89.94,0.68
29.152,-89.26,-89.94,0.68
29.184,-89.25,-89.93,0.68
29.216,-89.24,-89.93,0.68
29.248,-89.23,-89.92,0.69
29.280,-89.23,-89.91,0.69
29.312,-89.22,-89.91,0.69
29.344,-89.21,-89.90,0.69
29.376,-89.20,-89.89,0.69
29.408,-89.19,-89.89,0.69
29.440,-89.18,-89.88,0.70
29.472,-89.17,-89.87,0.70
29.504,-89.16,-89.86,0.70
29.536,-89.15,-89.86,0.70
29.568,-89.14,-89.85,0.70
29.600,-89.14,-89.84,0.71
29.632,-89.13,-89.83,0.71
29.664,-89.12,-89.82,0.71
29.696,-89.11,-89.82,0.71
29.728,-89.09,-89.81,0.71
29.760,-89.08,-89.80,0.71
29.792,-89.07,-89.79,0.72
29.824,-89.06,-89.78,0.72
29.856,-89.05,-89.77,0.72
29.888,-89.04,-89.76,0.72
29.920,-89.03,-89.75,0.72
29.952,-89.02,-89.74,0.72
29.984,-89.00,-89.73,0.73
30.016,-88.99,-89.72,0.73
30.048,-88.98,-89.71,0.73
30.080,-88.97,-89.70,0.73
30.112,-89.26,-89.69,0.43
30.144,-89.40,-89.91,0.51
30.176,-89.48,-89.86,0.38
30.208,-89.52,-89.96,0.43
30.240,-89.56,-89.93,0.37
30.272,-89.58,-89.98,0.41
30.304,-89.59,-89.97,0.38
30.336,-89.60,-90.00,0.40
30.368,-89.61,-90.00,0.38
30.400,-89.62,-90.01,0.40
30.432,-89.62,-90.01,0.39
30.464,-89.62,-90.03,0.40
30.496,-89.62,-90.03,0.40
30.528,-89.62,-90.04,0.41
30.560,-89.62,-90.04,0.41
30.592,-89.62,-90.04,0.42
30.624,-89.62,-90.05,0.42
30.656,-89.62,-90.05,0.43
30.688,-89.62,-90.05,0.43
30.720,-89.62,-90.06,0.44
30.752,-89.62,-90.06,0.44
30.784,-89.61,-90.06,0.45
30.816,-89.61,-90.06,0.45
30.848,-89.61,-90.07,0.46
30.880,-89.60,-90.07,0.46
30.912,-89.60,-90.07,0.47
30.944,-89.60,-90.07,0.47
30.976,-89.60,-90.07,0.48
31.008,-89.59,-90.07,0.48
31.040,-89.59,-90.07,0.48
31.072,-89.59,-90.07,0.49
31.104,-89.58,-90.07,0.49
31.136,-89.58,-90.07,0.49
31.168,-89.58,-90.07,0.50
31.200,-89.57,-90.07,0.50
31.232,-89.57,-90.07,0.50
31.264,-89.57,-90.07,0.51
31.296,-89.56,-90.07,0.51
31.328,-89.56,-90.07,0.51
31.360,-89.55,-90.07,0.52
31.392,-89.55,-90.07,0.52
31.424,-89.55,-90.07,0.52
31.456,-89.54,-90.07,0.52
31.488,-89.54,-90.06,0.53
31.520,-89.53,-90.06,0.53
31.552,-89.53,-90.06,0.53
31.584,-89.53,-90.06,0.53
31.616,-89.52,-90.06,0.53
31.648,-89.52,-90.05,0.54
31.680,-89.51,-90.05,0.54
31.712,-89.51,-90.05,0.54
31.744,-89.50,-90.05,0.54
31.776,-89.50,-90.04,0.54
31.808,-89.50,-90.04,0.55
31.840,-89.49,-90.04,0.55
31.872,-89.49,-90.03,0.55
31.904,-89.48,-90.03,0.55
31.936,-89.48,-90.03,0.55
31.968,-89.47,-90.02,0.55
32.000,-89.47,-90.02,0.55
32.032,-89.46,-90.02,0.56
32.064,-89.46,-90.01,0.56
32.096,-89.45,-90.01,0.56
32.128,-89.45,-90.01,0.56
32.160,-89.44,-90.00,0.56
32.192,-89.44,-90.00,0.56
32.224,-89.43,-89.99,0.56
32.256,-89.43,-89.99,0.56
32.288,-89.42,-89.99,0.56
32.320,-89.42,-89.98,0.57
32.352,-89.41,-89.98,0.57
32.384,-89.41,-89.97,0.57
32.416,-89.40,-89.97,0.57
32.448,-89.39,-89.96,0.57
32.480,-89.39,-89.96,0.57
32.512,-89.38,-89.95,0.57
32.544,-89.38,-89.95,0.57
32.576,-89.37,-89.94,0.57
32.608,-89.36,-89.94,0.57
32.640,-89.36,-89.93,0.57
32.672,-89.35,-89.93,0.57
32.704,-89.35,-89.92,0.57
32.736,-89.34,-89.91,0.57
32.768,-89.33,-89.91,0.58
32.800,-89.33,-89.90,0.58
32.832,-89.32,-89.90,0.58
32.864,-89.31,-89.89,0.58
32.896,-89.31,-89.89,0.58
32.928,-89.30,-89.88,0.58
32.960,-89.29,-89.87,0.58
32.992,-89.29,-89.87,0.58
33.024,-89.28,-89.86,0.58
33.056,-89.27,-89.85,0.58
33.088,-89.27,-89.85,0.58
33.120,-89.26,-89.84,0.58
33.152,-89.25,-89.83,0.58
33.184,-89.24,-89.83,0.58
33.216,-89.24,-89.82,0.58
33.248,-89.23,-89.81,0.58
33.280,-89.22,-89.81,0.58
33.312,-89.21,-89.80,0.59
33.344,-89.20,-89.79,0.59
33.376,-89.20,-89.78,0.59
33.408,-89.19,-89.78,0.59
33.440,-89.18,-89.77,0.59
33.472,-89.17,-89.76,0.59
33.504,-89.16,-89.75,0.59
33.536,-89.15,-89.74,0.59
33.568,-89.14,-89.74,0.59
33.600,-89.14,-89.73,0.59
33.632,-89.13,-89.72,0.59
33.664,-89.12,-89.71,0.59
33.696,-89.11,-89.70,0.59
33.728,-89.10,-89.69,0.60
33.760,-89.09,-89.68,0.60
33.792,-89.08,-89.67,0.60
33.824,-89.07,-89.67,0.60
33.856,-89.06,-89.66,0.60
33.888,-89.05,-89.65,0.60
33.920,-89.03,-89.64,0.60
33.952,-65.49,-89.63,24.14
33.984,-51.08,-81.55,30.47
34.016,-42.57,-78.92,36.35
34.048,-37.28,-76.24,38.96
34.080,-33.80,-73.63,39.83
34.112,-31.41,-71.00,39.59
34.144,-29.70,-68.38,38.68
34.176,-28.46,-65.78,37.32
34.208,-27.53,-63.18,35.65
34.240,-26.83,-60.59,33.76
34.272,-26.29,-58.00,31.71
34.304,-25.87,-55.42,29.55
34.336,-25.55,-52.84,27.29
34.368,-25.29,-50.26,24.96
34.400,-24.90,-50.47,25.57
34.432,-24.75,-47.92,23.17
34.464,-24.44,-48.35,23.91
34.496,-24.15,-46.47,22.32
34.528,-23.90,-46.31,22.41
34.560,-23.66,-44.95,21.29
34.592,-23.44,-44.50,21.06
34.624,-23.24,-43.43,20.20
34.656,-23.04,-42.85,19.81
34.688,-22.86,-41.96,19.10
34.720,-22.68,-41.32,18.64
34.752,-22.51,-40.54,18.03
34.784,-22.35,-39.90,17.54
34.816,-22.20,-39.19,16.99
34.848,-22.05,-38.56,16.51
34.880,-21.90,-37.90,16.00
34.912,-21.76,-37.30,15.54
34.944,-21.62,-36.68,15.06
34.976,-21.49,-36.10,14.62
35.008,-21.36,-35.53,14.17
35.040,-21.23,-34.98,13.74
35.072,-21.11,-34.43,13.33
35.104,-20.99,-33.91,12.92
35.136,-20.87,-33.39,12.52
35.168,-20.75,-32.89,12.14
35.200,-20.64,-32.41,11.77
35.232,-20.53,-31.93,11.40
35.264,-20.42,-31.47,11.05
35.296,-20.31,-31.02,10.71
35.328,-20.21,-30.58,10.37
35.360,-20.11,-30.15,10.04
35.392,-20.01,-29.74,9.73
35.424,-19.92,-29.33,9.42
35.456,-19.82,-28.94,9.12
35.488,-19.73,-28.55,8.82
35.520,-19.64,-28.18,8.54
35.552,-19.55,-27.81,8.26
35.584,-19.46,-27.46,7.99
35.616,-19.38,-27.11,7.73
35.648,-19.30,-26.77,7.47
35.680,-19.22,-26.44,7.23
35.712,-19.14,-26.12,6.98
35.744,-19.06,-25.81,6.75
35.776,-18.99,-25.50,6.52
35.808,-18.91,-25.21,6.29
35.840,-18.84,-24.92,6.08
35.872,-18.77,-24.64,5.87
35.904,-18.70,-24.36,5.66
35.936,-18.64,-24.09,5.46
35.968,-18.57,-23.83,5.26
36.000,-18.51,-23.58,5.07
36.032,-18.45,-23.33,4.89
36.064,-18.39,-23.09,4.71
36.096,-18.33,-22.86,4.53
36.128,-18.27,-22.63,4.36
36.160,-18.21,-22.41,4.19
36.192,-18.16,-22.19,4.03
36.224,-18.10,-21.98,3.87
36.256,-18.05,-21.77,3.72
36.288,-18.00,-21.57,3.57
36.320,-17.95,-21.38,3.42
36.352,-17.91,-21.18,3.28
36.384,-17.86,-21.00,3.14
36.416,-17.81,-20.82,3.01
36.448,-17.77,-20.64,2.87
36.480,-17.73,-20.47,2.74
36.512,-17.69,-20.31,2.62
36.544,-17.65,-20.14,2.50
36.576,-17.61,-19.99,2.38
36.608,-17.57,-19.83,2.26
36.640,-17.54,-19.69,2.15
36.672,-17.50,-19.54,2.04
36.704,-17.47,-19.40,1.93
36.736,-17.43,-19.26,1.83
36.768,-17.40,-19.13,1.73
36.800,-17.37,-19.00,1.63
36.832,-17.35,-18.87,1.53
36.864,-17.32,-18.75,1.43
36.896,-17.29,-18.63,1.34
36.928,-17.27,-18.52,1.25
36.960,-17.24,-18.41,1.16
36.992,-17.22,-18.30,1.08
37.024,-17.20,-18.19,0.99
37.056,-17.18,-18.09,0.91
37.088,-17.16,-17.99,0.83
37.120,-17.14,-17.89,0.75
37.152,-11.30,-17.80,6.50
37.184,-8.78,-14.08,5.31
37.216,-7.41,-14.50,7.09
37.248,-6.54,-12.72,6.18
37.280,-5.97,-12.89,6.92
37.312,-5.55,-11.86,6.31
37.344,-5.24,-11.81,6.57
37.376,-5.01,-11.15,6.14
37.408,-4.82,-10.98,6.16
37.440,-4.67,-10.50,5.83
37.472,-4.55,-10.27,5.73
37.504,-4.44,-9.89,5.45
37.536,-4.35,-9.65,5.30
37.568,-4.28,-9.34,5.06
37.600,-4.21,-9.09,4.88
37.632,-4.16,-8.81,4.66
37.664,-4.10,-8.58,4.47
37.696,-4.06,-8.33,4.27
37.728,-4.02,-8.11,4.09
37.760,-3.98,-7.88,3.90
37.792,-3.94,-7.67,3.72
37.824,-3.91,-7.46,3.55
37.856,-3.88,-7.26,3.38
37.888,-3.85,-7.06,3.21
37.920,-3.83,-6.88,3.05
37.952,-3.80,-6.70,2.89
37.984,-3.78,-6.52,2.74
38.016,-3.76,-6.35,2.60
38.048,-3.74,-6.19,2.45
38.080,-3.72,-6.03,2.31
38.112,-3.70,-5.88,2.18
38.144,-3.68,-5.73,2.05
38.176,-3.67,-5.59,1.92
38.208,-3.65,-5.45,1.80
38.240,-3.64,-5.31,1.67
38.272,-3.63,-5.18,1.56
38.304,-3.61,-5.06,1.44
38.336,-3.60,-4.93,1.33
38.368,-3.59,-4.82,1.22
38.400,-3.58,-4.70,1.12
38.432,-3.57,-4.59,1.02
38.464,-3.56,-4.48,0.92
38.496,-3.56,-4.38,0.82
38.528,-3.55,-4.28,0.73
38.560,-3.54,-4.18,0.63
38.592,-3.54,-4.08,0.54
38.624,-3.54,-3.99,0.46
38.656,-3.53,-3.91,0.37
38.688,-3.53,-3.82,0.29
38.720,-3.53,-3.74,0.21
38.752,-3.52,-3.66,0.13
38.784,-3.52,-3.58,0.06
38.816,-3.52,-3.51,-0.01
38.848,-3.52,-3.44,-0.09
38.880,-3.52,-3.37,-0.15
38.912,-3.53,-3.30,-0.22
38.944,-3.53,-3.24,-0.29
38.976,-3.53,-3.18,-0.35
39.008,-3.54,-3.12,-0.41
39.040,-3.54,-3.07,-0.47
39.072,-3.54,-3.01,-0.53
39.104,-3.55,-2.96,-0.59
39.136,-3.56,-2.91,-0.65
39.168,-3.56,-2.86,-0.70
39.200,-3.57,-2.82,-0.75
39.232,-3.58,-2.77,-0.80
39.264,-3.59,-2.73,-0.85
39.296,-3.60,-2.69,-0.90
39.328,-3.61,-2.65,-0.95
39.360,-3.62,-2.62,-1.00
39.392,-3.63,-2.59,-1.04
39.424,-3.64,-2.55,-1.09
39.456,-3.65,-2.52,-1.13
39.488,-3.66,-2.49,-1.17
39.520,-3.68,-2.47,-1.21
39.552,-3.69,-2.44,-1.25
39.584,-3.71,-2.42,-1.29
39.616,-3.72,-2.40,-1.33
39.648,-3.74,-2.38,-1.36
39.680,-3.75,-2.36,-1.40
39.712,-3.77,-2.34,-1.43
39.744,-3.79,-2.32,-1.47
39.776,-3.81,-2.31,-1.50
39.808,-3.83,-2.30,-1.53
39.840,-3.85,-2.28,-1.56
39.872,-3.87,-2.27,-1.60
39.904,-3.89,-2.26,-1.63
39.936,-3.91,-2.26,-1.65
39.968,-3.93,-2.25,-1.68
40.000,-3.96,-2.25,-1.71
40.032,-3.98,-2.24,-1.74
40.064,-4.01,-2.24,-1.77
40.096,-4.03,-2.24,-1.79
40.128,-4.06,-2.24,-1.82
40.160,-4.08,-2.24,-1.84
40.192,-4.11,-2.24,-1.87
40.224,-4.14,-2.25,-1.89
40.256,-4.17,-2.25,-1.92
40.288,-4.20,-2.26,-1.94
40.320,-4.23,-2.27,-1.96
40.352,-4.26,-2.28,-1.99
40.384,-4.30,-2.29,-2.01
40.416,-4.33,-2.30,-2.03
40.448,-4.37,-2.31,-2.05
40.480,-4.40,-2.33,-2.07
40.512,-4.44,-2.34,-2.09
40.544,-4.48,-2.36,-2.11
40.576,-4.51,-2.38,-2.14
40.608,-4.55,-2.40,-2.16
40.640,-4.59,-2.42,-2.18
40.672,-4.64,-2.44,-2.20
40.704,-4.68,-2.46,-2.22
40.736,-4.73,-2.49,-2.24
40.768,-4.77,-2.51,-2.26
40.800,-4.82,-2.54,-2.28
40.832,-4.87,-2.57,-2.30
40.864,-4.92,-2.60,-2.32
40.896,-4.97,-2.63,-2.34
40.928,-5.02,-2.66,-2.36
40.960,-5.08,-2.70,-2.38
40.992,-3.28,-2.73,-0.55
41.024,-2.54,-1.36,-1.18
41.056,-2.16,-1.75,-0.41
41.088,-1.92,-1.12,-0.80
41.120,-1.77,-1.32,-0.45
41.152,-1.66,-0.98,-0.68
41.184,-1.59,-1.07,-0.52
41.216,-1.54,-0.87,-0.66
41.248,-1.50,-0.90,-0.60
41.280,-1.47,-0.78,-0.69
41.312,-1.45,-0.77,-0.68
41.344,-1.43,-0.69,-0.74
41.376,-1.42,-0.66,-0.75
41.408,-1.41,-0.60,-0.81
41.440,-1.41,-0.58,-0.83
41.472,-1.40,-0.53,-0.88
41.504,-1.40,-0.50,-0.90
41.536,-1.41,-0.46,-0.94
41.568,-1.41,-0.43,-0.98
41.600,-1.41,-0.40,-1.01
41.632,-1.42,-0.37,-1.05
41.664,-1.42,-0.34,-1.08
41.696,-1.43,-0.32,-1.11
41.728,-1.43,-0.29,-1.14
41.760,-1.44,-0.27,-1.18
41.792,-1.45,-0.24,-1.21
41.824,-1.46,-0.22,-1.24
41.856,-1.47,-0.20,-1.26
41.888,-1.48,-0.18,-1.29
41.920,-1.49,-0.17,-1.32
41.952,-1.50,-0.15,-1.35
41.984,-1.51,-0.13,-1.37
42.016,-1.52,-0.12,-1.40
42.048,-1.53,-0.11,-1.42
42.080,-1.54,-0.09,-1.45
42.112,-1.55,-0.08,-1.47
42.144,-1.56,-0.07,-1.49
42.176,-1.58,-0.06,-1.51
42.208,-1.59,-0.05,-1.53
42.240,-1.60,-0.05,-1.55
42.272,-1.61,-0.04,-1.57
42.304,-1.63,-0.03,-1.59
42.336,-1.64,-0.03,-1.61
42.368,-1.65,-0.03,-1.63
42.400,-1.67,-0.02,-1.65
42.432,-1.68,-0.02,-1.66
42.464,-1.70,-0.02,-1.68
42.496,-1.71,-0.02,-1.70
42.528,-1.73,-0.02,-1.71
42.560,-1.74,-0.02,-1.73
42.592,-1.76,-0.02,-1.74
42.624,-1.78,-0.02,-1.76
42.656,-1.79,-0.02,-1.77
42.688,-1.81,-0.03,-1.78
42.720,-1.83,-0.03,-1.80
42.752,-1.84,-0.04,-1.81
42.784,-1.86,-0.04,-1.82
42.816,-1.88,-0.05,-1.83
42.848,-1.90,-0.05,-1.84
42.880,-1.92,-0.06,-1.86
42.912,-1.94,-0.07,-1.87
42.944,-1.95,-0.08,-1.88
42.976,-1.97,-0.09,-1.89
43.008,-1.99,-0.10,-1.90
43.040,-2.01,-0.11,-1.91
43.072,-2.03,-0.12,-1.92
43.104,-2.05,-0.13,-1.93
43.136,-2.08,-0.14,-1.94
43.168,-2.10,-0.15,-1.94
43.200,-2.12,-0.17,-1.95
43.232,-2.14,-0.18,-1.96
43.264,-2.16,-0.19,-1.97
43.296,-2.19,-0.21,-1.98
43.328,-2.21,-0.22,-1.99
43.360,-2.23,-0.24,-1.99
43.392,-2.26,-0.26,-2.00
43.424,-2.28,-0.27,-2.01
43.456,-2.31,-0.29,-2.02
43.488,-2.33,-0.31,-2.02
43.520,-2.36,-0.33,-2.03
43.552,-2.38,-0.34,-2.04
43.584,-2.41,-0.36,-2.04
43.616,-2.43,-0.38,-2.05
43.648,-2.46,-0.40,-2.06
43.680,-2.49,-0.43,-2.06
43.712,-2.52,-0.45,-2.07
43.744,-2.55,-0.47,-2.08
43.776,-2.57,-0.49,-2.08
43.808,-2.60,-0.51,-2.09
43.840,-2.63,-0.54,-2.10
43.872,-2.66,-0.56,-2.10
43.904,-2.69,-0.59,-2.11
43.936,-2.73,-0.61,-2.11
43.968,-2.76,-0.64,-2.12
44.000,-2.79,-0.67,-2.13
44.032,-2.82,-0.69,-2.13
44.064,-2.86,-0.72,-2.14
44.096,-2.89,-0.75,-2.14
44.128,-2.93,-0.78,-2.15
44.160,-2.96,-0.81,-2.16
44.192,-3.00,-0.84,-2.16
44.224,-3.04,-0.87,-2.17
44.256,-3.08,-0.90,-2.18
44.288,-3.12,-0.93,-2.18
44.320,-3.16,-0.96,-2.19
44.352,-3.20,-1.00,-2.20
44.384,-3.24,-1.03,-2.21
44.416,-3.28,-1.07,-2.21
44.448,-3.32,-1.10,-2.22
44.480,-3.37,-1.14,-2.23
44.512,-3.41,-1.18,-2.24
44.544,-3.46,-1.22,-2.25
44.576,-3.51,-1.26,-2.25
44.608,-3.56,-1.30,-2.26
44.640,-3.61,-1.34,-2.27
44.672,-3.66,-1.38,-2.28
44.704,-3.71,-1.42,-2.29
44.736,-3.77,-1.47,-2.30
44.768,-3.83,-1.51,-2.31
44.800,-3.88,-1.56,-2.32
44.832,-2.45,-1.61,-0.84
44.864,-1.89,-0.53,-1.36
44.896,-1.60,-0.86,-0.73
44.928,-1.42,-0.37,-1.05
44.960,-1.31,-0.56,-0.75
44.992,-1.23,-0.30,-0.93
45.024,-1.18,-0.39,-0.80
45.056,-1.14,-0.24,-0.90
45.088,-1.12,-0.28,-0.84
45.120,-1.10,-0.19,-0.90
45.152,-1.08,-0.20,-0.88
45.184,-1.07,-0.15,-0.93
45.216,-1.07,-0.14,-0.93
45.248,-1.06,-0.10,-0.96
45.280,-1.06,-0.09,-0.97
45.312,-1.06,-0.07,-1.00
45.344,-1.07,-0.05,-1.01
45.376,-1.07,-0.03,-1.04
45.408,-1.07,-0.02,-1.06
45.440,-1.08,-0.00,-1.08
45.472,-1.09,0.01,-1.10
45.504,-1.09,0.02,-1.12
45.536,-1.10,0.04,-1.14
45.568,-1.11,0.05,-1.15
45.600,-1.11,0.06,-1.17
45.632,-1.12,0.07,-1.19
45.664,-1.13,0.08,-1.21
45.696,-1.14,0.08,-1.22
45.728,-1.15,0.09,-1.24
45.760,-1.16,0.10,-1.26
45.792,-1.17,0.10,-1.27
45.824,-1.18,0.11,-1.29
45.856,-1.19,0.11,-1.30
45.888,-1.20,0.12,-1.32
45.920,-1.21,0.12,-1.33
45.952,-1.22,0.12,-1.34
45.984,-1.23,0.13,-1.36
46.016,-1.24,0.13,-1.37
46.048,-1.26,0.13,-1.38
46.080,-1.27,0.13,-1.39
46.112,-1.28,0.13,-1.41
46.144,-1.29,0.13,-1.42
46.176,-1.30,0.12,-1.43
46.208,-1.32,0.12,-1.44
46.240,-1.33,0.12,-1.45
46.272,-1.34,0.12,-1.46
46.304,-1.36,0.11,-1.47
46.336,-1.37,0.11,-1.48
46.368,-1.38,0.10,-1.49
46.400,-1.40,0.10,-1.49
46.432,-1.41,0.09,-1.50
46.464,-1.43,0.09,-1.51
46.496,-1.44,0.08,-1.52
46.528,-1.45,0.07,-1.53
46.560,-1.47,0.06,-1.53
46.592,-1.49,0.06,-1.54
46.624,-1.50,0.05,-1.55
46.656,-1.52,0.04,-1.56
46.688,-1.53,0.03,-1.56
46.720,-1.55,0.02,-1.57
46.752,-1.56,0.01,-1.58
46.784,-1.58,0.00,-1.58
46.816,-1.60,-0.01,-1.59
46.848,-1.62,-0.02,-1.59
46.880,-1.63,-0.03,-1.60
46.912,-1.65,-0.05,-1.60
46.944,-1.67,-0.06,-1.61
46.976,-1.69,-0.07,-1.62
47.008,-1.70,-0.08,-1.62
47.040,-1.72,-0.10,-1.63
47.072,-1.74,-0.11,-1.63
47.104,-1.76,-0.13,-1.64
47.136,-1.78,-0.14,-1.64
47.168,-1.80,-0.16,-1.65
47.200,-1.82,-0.17,-1.65
47.232,-1.84,-0.19,-1.65
47.264,-1.86,-0.20,-1.66
47.296,-1.88,-0.22,-1.66
47.328,-1.90,-0.24,-1.67
47.360,-1.93,-0.25,-1.67
47.392,-1.95,-0.27,-1.68
47.424,-1.97,-0.29,-1.68
47.456,-1.99,-0.31,-1.69
47.488,-2.02,-0.33,-1.69
47.520,-2.04,-0.35,-1.69
47.552,-2.06,-0.37,-1.70
47.584,-2.09,-0.39,-1.70
47.616,-2.11,-0.41,-1.71
47.648,-2.14,-0.43,-1.71
47.680,-2.16,-0.45,-1.71
47.712,-2.19,-0.47,-1.72
47.744,-2.22,-0.49,-1.72
47.776,-2.24,-0.52,-1.73
47.808,-2.27,-0.54,-1.73
47.840,-2.30,-0.56,-1.74
47.872,-2.33,-0.59,-1.74
47.904,-2.36,-0.61,-1.74
47.936,-2.39,-0.64,-1.75
47.968,-2.42,-0.66,-1.75
48.000,-2.45,-0.69,-1.76
48.032,-1.74,-0.71,-1.03
48.064,-1.42,-0.18,-1.23
48.096,-1.24,-0.32,-0.92
48.128,-1.12,-0.07,-1.05
48.160,-1.05,-0.14,-0.90
48.192,-1.00,-0.02,-0.98
48.224,-0.96,-0.05,-0.91
48.256,-0.93,0.02,-0.96
48.288,-0.92,0.01,-0.93
48.320,-0.90,0.06,-0.96
48.352,-0.89,0.05,-0.95
48.384,-0.89,0.08,-0.97
48.416,-0.89,0.09,-0.97
48.448,-0.89,0.10,-0.99
48.480,-0.89,0.11,-1.00
48.512,-0.89,0.12,-1.01
48.544,-0.89,0.13,-1.02
48.576,-0.89,0.14,-1.03
48.608,-0.90,0.15,-1.04
48.640,-0.90,0.15,-1.06
48.672,-0.91,0.16,-1.07
48.704,-0.91,0.17,-1.08
48.736,-0.92,0.17,-1.09
48.768,-0.93,0.17,-1.10
48.800,-0.93,0.18,-1.11
48.832,-0.94,0.18,-1.12
48.864,-0.95,0.18,-1.13
48.896,-0.96,0.19,-1.14
48.928,-0.96,0.19,-1.15
48.960,-0.97,0.19,-1.16
48.992,-0.98,0.19,-1.17
49.024,-0.99,0.19,-1.18
49.056,-0.99,0.19,-1.19
49.088,-1.00,0.19,-1.19
49.120,-1.01,0.19,-1.20
49.152,-1.02,0.19,-1.21
49.184,-1.03,0.19,-1.22
49.216,-1.04,0.18,-1.22
49.248,-1.05,0.18,-1.23
49.280,-1.06,0.18,-1.24
49.312,-1.07,0.18,-1.24
49.344,-1.07,0.17,-1.25
49.376,-1.08,0.17,-1.25
49.408,-1.09,0.17,-1.26
49.440,-1.10,0.16,-1.26
49.472,-1.11,0.16,-1.27
49.504,-1.12,0.15,-1.28
49.536,-1.13,0.15,-1.28
49.568,-1.14,0.14,-1.28
49.600,-1.15,0.13,-1.29
49.632,-1.16,0.13,-1.29
49.664,-1.18,0.12,-1.30
49.696,-1.19,0.12,-1.30
49.728,-1.20,0.11,-1.31
49.760,-1.21,0.10,-1.31
49.792,-1.22,0.09,-1.31
49.824,-1.23,0.09,-1.32
49.856,-1.24,0.08,-1.32
49.888,-1.25,0.07,-1.32
49.920,-1.26,0.06,-1.33
49.952,-1.28,0.05,-1.33
49.984,-1.29,0.04,-1.33
50.016,-1.30,0.04,-1.34
50.048,-1.31,0.03,-1.34
50.080,-1.32,0.02,-1.34
50.112,-1.34,0.01,-1.34
50.144,-1.35,-0.00,-1.35
50.176,-1.36,-0.01,-1.35
50.208,-1.38,-0.02,-1.35
50.240,-1.39,-0.03,-1.35
50.272,-1.40,-0.05,-1.36
50.304,-1.41,-0.06,-1.36
50.336,-1.43,-0.07,-1.36
50.368,-1.44,-0.08,-1.36
50.400,-1.46,-0.09,-1.36
50.432,-1.47,-0.10,-1.37
50.464,-1.48,-0.12,-1.37
50.496,-1.50,-0.13,-1.37
50.528,-1.51,-0.14,-1.37
50.560,-1.53,-0.15,-1.37
50.592,-1.54,-0.17,-1.37
50.624,-1.56,-0.18,-1.38
50.656,-1.57,-0.19,-1.38
50.688,-1.59,-0.21,-1.38
50.720,-1.60,-0.22,-1.38
50.752,-1.62,-0.24,-1.38
50.784,-1.63,-0.25,-1.38
50.816,-1.65,-0.26,-1.38
50.848,-1.67,-0.28,-1.39
50.880,-1.68,-0.29,-1.39
50.912,-1.70,-0.31,-1.39
50.944,-1.72,-0.33,-1.39
50.976,-1.73,-0.34,-1.39
51.008,-1.75,-0.36,-1.39
51.040,-1.77,-0.37,-1.39
51.072,-1.79,-0.39,-1.40
51.104,-1.80,-0.41,-1.40
51.136,-1.82,-0.42,-1.40
51.168,-1.84,-0.44,-1.40
51.200,-1.86,-0.46,-1.40
51.232,-1.88,-0.48,-1.40
51.264,-1.90,-0.49,-1.41
51.296,-1.92,-0.51,-1.41
51.328,-1.94,-0.53,-1.41
51.360,-1.96,-0.55,-1.41
51.392,-1.98,-0.57,-1.41
51.424,-2.00,-0.59,-1.41
51.456,-2.02,-0.61,-1.42
51.488,-2.04,-0.63,-1.42
51.520,-2.07,-0.65,-1.42
51.552,-2.09,-0.67,-1.42
51.584,-2.11,-0.69,-1.42
51.616,-2.13,-0.71,-1.43
51.648,-2.16,-0.73,-1.43
51.680,-2.18,-0.75,-1.43
51.712,-2.21,-0.77,-1.43
51.744,-2.23,-0.80,-1.44
51.776,-2.26,-0.82,-1.44
51.808,-2.28,-0.84,-1.44
51.840,-2.31,-0.87,-1.44
51.872,-1.62,-0.89,-0.73
51.904,-1.30,-0.37,-0.93
51.936,-1.13,-0.50,-0.63
51.968,-1.02,-0.26,-0.76
52.000,-0.95,-0.34,-0.62
52.032,-0.90,-0.21,-0.69
52.064,-0.87,-0.24,-0.63
52.096,-0.84,-0.17,-0.67
52.128,-0.82,-0.18,-0.64
52.160,-0.81,-0.14,-0.67
52.192,-0.80,-0.14,-0.66
52.224,-0.80,-0.11,-0.68
52.256,-0.79,-0.11,-0.68
52.288,-0.79,-0.09,-0.70
52.320,-0.79,-0.08,-0.71
52.352,-0.79,-0.07,-0.72
52.384,-0.79,-0.06,-0.73
52.416,-0.79,-0.05,-0.74
52.448,-0.80,-0.04,-0.75
52.480,-0.80,-0.03,-0.76
52.512,-0.80,-0.03,-0.77
52.544,-0.81,-0.02,-0.79
52.576,-0.81,-0.02,-0.80
52.608,-0.82,-0.01,-0.81
52.640,-0.82,-0.01,-0.82
52.672,-0.83,-0.00,-0.83
52.704,-0.83,0.00,-0.84
52.736,-0.84,0.01,-0.85
52.768,-0.84,0.01,-0.85
52.800,-0.85,0.01,-0.86
52.832,-0.86,0.02,-0.87
52.864,-0.86,0.02,-0.88
52.896,-0.87,0.02,-0.89
52.928,-0.87,0.02,-0.90
52.960,-0.88,0.02,-0.90
52.992,-0.89,0.02,-0.91
53.024,-0.89,0.02,-0.92
53.056,-0.90,0.02,-0.92
53.088,-0.91,0.02,-0.93
53.120,-0.91,0.02,-0.94
53.152,-0.92,0.02,-0.94
53.184,-0.93,0.02,-0.95
53.216,-0.94,0.02,-0.95
53.248,-0.94,0.02,-0.96
53.280,-0.95,0.01,-0.96
53.312,-0.96,0.01,-0.97
53.344,-0.97,0.01,-0.97
53.376,-0.97,0.00,-0.98
53.408,-0.98,0.00,-0.98
53.440,-0.99,-0.00,-0.99
53.472,-1.00,-0.01,-0.99
53.504,-1.01,-0.01,-1.00
53.536,-1.02,-0.02,-1.00
53.568,-1.02,-0.02,-1.00
53.600,-1.03,-0.02,-1.01
53.632,-1.04,-0.03,-1.01
53.664,-1.05,-0.04,-1.02
53.696,-1.06,-0.04,-1.02
53.728,-1.07,-0.05,-1.02
53.760,-1.08,-0.05,-1.03
53.792,-1.09,-0.06,-1.03
53.824,-1.10,-0.07,-1.03
53.856,-1.11,-0.07,-1.03
53.888,-1.12,-0.08,-1.04
53.920,-1.13,-0.09,-1.04
53.952,-1.14,-0.09,-1.04
53.984,-1.15,-0.10,-1.05
54.016,-1.16,-0.11,-1.05
54.048,-1.17,-0.12,-1.05
54.080,-1.18,-0.12,-1.05
54.112,-1.19,-0.13,-1.05
54.144,-1.20,-0.14,-1.06
54.176,-1.21,-0.15,-1.06
54.208,-1.22,-0.16,-1.06
54.240,-1.23,-0.17,-1.06
54.272,-1.24,-0.18,-1.06
54.304,-1.25,-0.19,-1.07
54.336,-1.26,-0.20,-1.07
54.368,-1.28,-0.21,-1.07
54.400,-1.29,-0.22,-1.07
54.432,-1.30,-0.23,-1.07
54.464,-1.31,-0.24,-1.08
54.496,-1.32,-0.25,-1.08
54.528,-1.34,-0.26,-1.08
54.560,-1.35,-0.27,-1.08
54.592,-1.36,-0.28,-1.08
54.624,-1.37,-0.29,-1.08
54.656,-1.39,-0.30,-1.09
54.688,-1.40,-0.31,-1.09
54.720,-1.41,-0.32,-1.09
54.752,-1.43,-0.34,-1.09
54.784,-1.44,-0.35,-1.09
54.816,-1.45,-0.36,-1.09
54.848,-1.47,-0.37,-1.09
54.880,-1.48,-0.39,-1.10
54.912,-1.50,-0.40,-1.10
54.944,-1.51,-0.41,-1.10
54.976,-1.53,-0.43,-1.10
55.008,-1.54,-0.44,-1.10
55.040,-1.56,-0.45,-1.10
55.072,-1.57,-0.47,-1.11
55.104,-1.59,-0.48,-1.11
55.136,-1.61,-0.50,-1.11
55.168,-1.62,-0.51,-1.11
55.200,-1.64,-0.53,-1.11
55.232,-1.66,-0.54,-1.11
55.264,-1.67,-0.56,-1.12
55.296,-1.69,-0.57,-1.12
55.328,-1.71,-0.59,-1.12
55.360,-1.73,-0.61,-1.12
55.392,-1.75,-0.62,-1.12
55.424,-1.76,-0.64,-1.13
55.456,-1.78,-0.66,-1.13
55.488,-1.80,-0.67,-1.13
55.520,-1.82,-0.69,-1.13
55.552,-1.84,-0.71,-1.13
55.584,-1.87,-0.73,-1.14
55.616,-1.89,-0.75,-1.14
55.648,-1.91,-0.77,-1.14
55.680,-1.93,-0.79,-1.15
55.712,-1.33,-0.81,-0.52
55.744,-1.06,-0.35,-0.71
55.776,-0.92,-0.47,-0.45
55.808,-0.83,-0.26,-0.56
55.840,-0.77,-0.33,-0.44
55.872,-0.73,-0.22,-0.51
55.904,-0.70,-0.25,-0.45
55.936,-0.68,-0.19,-0.49
55.968,-0.66,-0.20,-0.47
56.000,-0.65,-0.16,-0.49
56.032,-0.64,-0.16,-0.48
56.064,-0.64,-0.13,-0.50
56.096,-0.63,-0.13,-0.50
56.128,-0.63,-0.11,-0.52
56.160,-0.63,-0.11,-0.52
56.192,-0.63,-0.09,-0.54
56.224,-0.63,-0.09,-0.54
56.256,-0.63,-0.08,-0.56
56.288,-0.64,-0.07,-0.56
56.320,-0.64,-0.06,-0.57
56.352,-0.64,-0.06,-0.58
56.384,-0.64,-0.05,-0.59
56.416,-0.65,-0.05,-0.60
56.448,-0.65,-0.04,-0.61
56.480,-0.65,-0.04,-0.62
56.512,-0.66,-0.03,-0.63
56.544,-0.66,-0.03,-0.64
56.576,-0.67,-0.02,-0.64
56.608,-0.67,-0.02,-0.65
56.640,-0.68,-0.02,-0.66
56.672,-0.68,-0.01,-0.67
56.704,-0.69,-0.01,-0.67
56.736,-0.69,-0.01,-0.68
56.768,-0.70,-0.01,-0.69
56.800,-0.70,-0.01,-0.69
56.832,-0.71,-0.00,-0.70
56.864,-0.71,-0.00,-0.71
56.896,-0.72,-0.00,-0.71
56.928,-0.72,-0.00,-0.72
56.960,-0.73,-0.00,-0.72
56.992,-0.73,-0.00,-0.73
57.024,-0.74,-0.00,-0.73
57.056,-0.74,-0.01,-0.74
57.088,-0.75,-0.01,-0.74
57.120,-0.76,-0.01,-0.75
57.152,-0.76,-0.01,-0.75
57.184,-0.77,-0.01,-0.76
57.216,-0.78,-0.01,-0.76
57.248,-0.78,-0.02,-0.77
57.280,-0.79,-0.02,-0.77
57.312,-0.79,-0.02,-0.77
57.344,-0.80,-0.02,-0.78
57.376,-0.81,-0.03,-0.78
57.408,-0.82,-0.03,-0.78
57.440,-0.82,-0.03,-0.79
57.472,-0.83,-0.04,-0.79
57.504,-0.84,-0.04,-0.79
57.536,-0.84,-0.05,-0.80
57.568,-0.85,-0.05,-0.80
57.600,-0.86,-0.06,-0.80
57.632,-0.87,-0.06,-0.81
57.664,-0.87,-0.06,-0.81
57.696,-0.88,-0.07,-0.81
57.728,-0.89,-0.08,-0.81
57.760,-0.90,-0.08,-0.82
57.792,-0.90,-0.09,-0.82
57.824,-0.91,-0.09,-0.82
57.856,-0.92,-0.10,-0.82
57.888,-0.93,-0.10,-0.83
57.920,-0.94,-0.11,-0.83
57.952,-0.95,-0.12,-0.83
57.984,-0.95,-0.12,-0.83
58.016,-0.96,-0.13,-0.83
58.048,-0.97,-0.14,-0.83
58.080,-0.98,-0.14,-0.84
58.112,-0.99,-0.15,-0.84
58.144,-1.00,-0.16,-0.84
58.176,-1.01,-0.17,-0.84
58.208,-1.02,-0.17,-0.84
58.240,-1.03,-0.18,-0.85
58.272,-1.04,-0.19,-0.85
58.304,-1.05,-0.20,-0.85
58.336,-1.06,-0.21,-0.85
58.368,-1.07,-0.22,-0.85
58.400,-1.08,-0.22,-0.85
58.432,-1.09,-0.23,-0.85
58.464,-1.10,-0.24,-0.86
58.496,-1.11,-0.25,-0.86
58.528,-1.12,-0.26,-0.86
58.560,-1.13,-0.27,-0.86
58.592,-1.14,-0.28,-0.86
58.624,-1.15,-0.29,-0.86
58.656,-1.16,-0.30,-0.86
58.688,-1.18,-0.31,-0.87
58.720,-1.19,-0.32,-0.87
58.752,-1.20,-0.33,-0.87
58.784,-1.21,-0.34,-0.87
58.816,-1.22,-0.35,-0.87
58.848,-1.24,-0.36,-0.87
58.880,-1.25,-0.37,-0.87
58.912,-1.26,-0.39,-0.88
58.944,-1.28,-0.40,-0.88
58.976,-1.29,-0.41,-0.88
59.008,-1.30,-0.42,-0.88
59.040,-1.32,-0.43,-0.88
59.072,-1.33,-0.45,-0.88
59.104,-1.34,-0.46,-0.89
59.136,-1.36,-0.47,-0.89
59.168,-1.37,-0.48,-0.89
59.200,-1.39,-0.50,-0.89
59.232,-1.41,-0.51,-0.89
59.264,-1.42,-0.53,-0.90
59.296,-1.44,-0.54,-0.90
59.328,-1.45,-0.55,-0.90
59.360,-1.47,-0.57,-0.90
59.392,-1.49,-0.58,-0.90
59.424,-1.51,-0.60,-0.91
59.456,-1.52,-0.61,-0.91
59.488,-1.54,-0.63,-0.91
59.520,-1.56,-0.65,-0.91
59.552,-1.06,-0.66,-0.39
59.584,-0.84,-0.28,-0.55
59.616,-0.72,-0.39,-0.33
59.648,-0.65,-0.21,-0.43
59.680,-0.60,-0.27,-0.33
59.712,-0.57,-0.18,-0.39
59.744,-0.54,-0.20,-0.34
59.776,-0.53,-0.15,-0.38
59.808,-0.51,-0.16,-0.35
59.840,-0.51,-0.13,-0.38
59.872,-0.50,-0.13,-0.37
59.904,-0.50,-0.11,-0.39
59.936,-0.49,-0.11,-0.39
59.968,-0.49,-0.09,-0.40
60.000,-0.49,-0.09,-0.40
60.032,-0.49,-0.08,-0.41
60.064,-0.49,-0.07,-0.42
60.096,-0.49,-0.06,-0.43
60.128,-0.49,-0.06,-0.44
60.160,-0.50,-0.05,-0.45
60.192,-0.50,-0.04,-0.45
60.224,-0.50,-0.04,-0.46
60.256,-0.50,-0.03,-0.47
60.288,-0.51,-0.03,-0.48
60.320,-0.51,-0.03,-0.48
60.352,-0.51,-0.02,-0.49
60.384,-0.51,-0.02,-0.50
60.416,-0.52,-0.01,-0.50
60.448,-0.52,-0.01,-0.51
60.480,-0.53,-0.01,-0.52
60.512,-0.53,-0.01,-0.52
60.544,-0.53,-0.00,-0.53
60.576,-0.54,-0.00,-0.53
60.608,-0.54,-0.00,-0.54
60.640,-0.54,-0.00,-0.54
60.672,-0.55,0.00,-0.55
60.704,-0.55,0.00,-0.56
60.736,-0.56,0.00,-0.56
60.768,-0.56,0.00,-0.56
60.800,-0.57,0.00,-0.57
60.832,-0.57,0.00,-0.57
60.864,-0.58,0.00,-0.58
60.896,-0.58,0.00,-0.58
60.928,-0.59,0.00,-0.59
60.960,-0.59,-0.00,-0.59
60.992,-0.60,-0.00,-0.59
61.024,-0.60,-0.00,-0.60
61.056,-0.61,-0.00,-0.60
61.088,-0.61,-0.01,-0.60
61.120,-0.62,-0.01,-0.61
61.152,-0.62,-0.01,-0.61
61.184,-0.63,-0.01,-0.61
61.216,-0.63,-0.02,-0.62
61.248,-0.64,-0.02,-0.62
61.280,-0.64,-0.02,-0.62
61.312,-0.65,-0.02,-0.62
61.344,-0.65,-0.03,-0.63
61.376,-0.66,-0.03,-0.63
61.408,-0.67,-0.03,-0.63
61.440,-0.67,-0.04,-0.63
61.472,-0.68,-0.04,-0.64
61.504,-0.68,-0.05,-0.64
61.536,-0.69,-0.05,-0.64
61.568,-0.70,-0.05,-0.64
61.600,-0.70,-0.06,-0.65
61.632,-0.71,-0.06,-0.65
61.664,-0.72,-0.07,-0.65
61.696,-0.72,-0.07,-0.65
61.728,-0.73,-0.08,-0.65
61.760,-0.74,-0.08,-0.65
61.792,-0.74,-0.09,-0.66
61.824,-0.75,-0.09,-0.66
61.856,-0.76,-0.10,-0.66
61.888,-0.76,-0.10,-0.66
61.920,-0.77,-0.11,-0.66
61.952,-0.78,-0.11,-0.66
61.984,-0.79,-0.12,-0.67
62.016,-0.79,-0.13,-0.67
62.048,-0.80,-0.13,-0.67
62.080,-0.81,-0.14,-0.67
62.112,-0.82,-0.15,-0.67
62.144,-0.83,-0.15,-0.67
62.176,-0.83,-0.16,-0.67
62.208,-0.84,-0.17,-0.68
62.240,-0.85,-0.17,-0.68
62.272,-0.86,-0.18,-0.68
62.304,-0.87,-0.19,-0.68
62.336,-0.88,-0.20,-0.68
62.368,-0.89,-0.20,-0.68
62.400,-0.89,-0.21,-0.68
62.432,-0.90,-0.22,-0.68
62.464,-0.91,-0.23,-0.69
62.496,-0.92,-0.24,-0.69
62.528,-0.93,-0.24,-0.69
62.560,-0.94,-0.25,-0.69
62.592,-0.95,-0.26,-0.69
62.624,-0.96,-0.27,-0.69
62.656,-0.97,-0.28,-0.69
62.688,-0.98,-0.29,-0.69
62.720,-0.99,-0.30,-0.70
62.752,-1.00,-0.31,-0.70
62.784,-1.01,-0.32,-0.70
62.816,-1.03,-0.33,-0.70
62.848,-1.04,-0.34,-0.70
62.880,-1.05,-0.35,-0.70
62.912,-1.06,-0.36,-0.70
62.944,-1.07,-0.37,-0.71
62.976,-1.08,-0.38,-0.71
63.008,-1.10,-0.39,-0.71
63.040,-1.11,-0.40,-0.71
63.072,-1.12,-0.41,-0.71
63.104,-1.14,-0.42,-0.71
63.136,-1.15,-0.43,-0.72
63.168,-1.16,-0.45,-0.72
63.200,-1.18,-0.46,-0.72
63.232,-1.19,-0.47,-0.72
63.264,-1.21,-0.48,-0.73
63.296,-1.22,-0.50,-0.73
63.328,-1.24,-0.51,-0.73
63.360,-1.25,-0.52,-0.73
63.392,-0.83,-0.54,-0.30
63.424,-0.65,-0.22,-0.44
63.456,-0.56,-0.31,-0.25
63.488,-0.50,-0.16,-0.34
63.520,-0.46,-0.21,-0.25
63.552,-0.44,-0.14,-0.30
63.584,-0.42,-0.16,-0.26
63.616,-0.41,-0.11,-0.29
63.648,-0.40,-0.12,-0.27
63.680,-0.39,-0.10,-0.29
63.712,-0.38,-0.10,-0.29
63.744,-0.38,-0.08,-0.30
63.776,-0.38,-0.08,-0.30
63.808,-0.38,-0.07,-0.31
63.840,-0.38,-0.06,-0.31
63.872,-0.38,-0.05,-0.32
63.904,-0.38,-0.05,-0.33
63.936,-0.38,-0.04,-0.34
63.968,-0.38,-0.04,-0.34
64.000,-0.38,-0.03,-0.35
64.032,-0.38,-0.03,-0.35
64.064,-0.39,-0.02,-0.36
64.096,-0.39,-0.02,-0.37
64.128,-0.39,-0.02,-0.37
64.160,-0.39,-0.01,-0.38
64.192,-0.39,-0.01,-0.38
64.224,-0.40,-0.01,-0.39
64.256,-0.40,-0.00,-0.40
64.288,-0.40,-0.00,-0.40
64.320,-0.41,-0.00,-0.41
64.352,-0.41,0.00,-0.41
64.384,-0.41,0.00,-0.42
64.416,-0.42,0.01,-0.42
64.448,-0.42,0.01,-0.42
64.480,-0.42,0.01,-0.43
64.512,-0.42,0.01,-0.43
64.544,-0.43,0.01,-0.44
64.576,-0.43,0.01,-0.44
64.608,-0.44,0.01,-0.45
64.640,-0.44,0.01,-0.45
64.672,-0.44,0.01,-0.45
64.704,-0.45,0.01,-0.46
64.736,-0.45,0.01,-0.46
64.768,-0.45,0.01,-0.46
64.800,-0.46,0.01,-0.47
64.832,-0.46,0.01,-0.47
64.864,-0.47,0.01,-0.47
64.896,-0.47,0.00,-0.47
64.928,-0.47,0.00,-0.48
64.960,-0.48,0.00,-0.48
64.992,-0.48,-0.00,-0.48
65.024,-0.49,-0.00,-0.49
65.056,-0.49,-0.00,-0.49
65.088,-0.50,-0.01,-0.49
65.120,-0.50,-0.01,-0.49
65.152,-0.51,-0.01,-0.49
65.184,-0.51,-0.01,-0.50
65.216,-0.51,-0.02,-0.50
65.248,-0.52,-0.02,-0.50
65.280,-0.52,-0.02,-0.50
65.312,-0.53,-0.02,-0.50
65.344,-0.53,-0.03,-0.51
65.376,-0.54,-0.03,-0.51
65.408,-0.54,-0.03,-0.51
65.440,-0.55,-0.04,-0.51
65.472,-0.56,-0.04,-0.51
65.504,-0.56,-0.05,-0.51
65.536,-0.57,-0.05,-0.52
65.568,-0.57,-0.05,-0.52
65.600,-0.58,-0.06,-0.52
65.632,-0.58,-0.06,-0.52
65.664,-0.59,-0.07,-0.52
65.696,-0.59,-0.07,-0.52
65.728,-0.60,-0.08,-0.52
65.760,-0.61,-0.08,-0.53
65.792,-0.61,-0.08,-0.53
65.824,-0.62,-0.09,-0.53
65.856,-0.62,-0.09,-0.53
65.888,-0.63,-0.10,-0.53
65.920,-0.64,-0.11,-0.53
65.952,-0.64,-0.11,-0.53
65.984,-0.65,-0.12,-0.53
66.016,-0.66,-0.12,-0.54
66.048,-0.66,-0.13,-0.54
66.080,-0.67,-0.13,-0.54
66.112,-0.68,-0.14,-0.54
66.144,-0.68,-0.14,-0.54
66.176,-0.69,-0.15,-0.54
66.208,-0.70,-0.16,-0.54
66.240,-0.71,-0.16,-0.54
66.272,-0.71,-0.17,-0.54
66.304,-0.72,-0.18,-0.55
66.336,-0.73,-0.18,-0.55
66.368,-0.74,-0.19,-0.55
66.400,-0.75,-0.20,-0.55
66.432,-0.75,-0.20,-0.55
66.464,-0.76,-0.21,-0.55
66.496,-0.77,-0.22,-0.55
66.528,-0.78,-0.23,-0.55
66.560,-0.79,-0.23,-0.55
